{
    "name": "root",
    "gauges": {
        "bird.Policy.Entropy.mean": {
            "value": 0.5690509080886841,
            "min": 0.5690509080886841,
            "max": 0.5690509080886841,
            "count": 1
        },
        "bird.Policy.Entropy.sum": {
            "value": 28454.251953125,
            "min": 28454.251953125,
            "max": 28454.251953125,
            "count": 1
        },
        "bird.Step.mean": {
            "value": 49939.0,
            "min": 49939.0,
            "max": 49939.0,
            "count": 1
        },
        "bird.Step.sum": {
            "value": 49939.0,
            "min": 49939.0,
            "max": 49939.0,
            "count": 1
        },
        "bird.Policy.ExtrinsicValueEstimate.mean": {
            "value": -0.5613827705383301,
            "min": -0.5613827705383301,
            "max": -0.5613827705383301,
            "count": 1
        },
        "bird.Policy.ExtrinsicValueEstimate.sum": {
            "value": -615.2755126953125,
            "min": -615.2755126953125,
            "max": -615.2755126953125,
            "count": 1
        },
        "bird.Environment.EpisodeLength.mean": {
            "value": 87.43085106382979,
            "min": 87.43085106382979,
            "max": 87.43085106382979,
            "count": 1
        },
        "bird.Environment.EpisodeLength.sum": {
            "value": 49311.0,
            "min": 49311.0,
            "max": 49311.0,
            "count": 1
        },
        "bird.Environment.CumulativeReward.mean": {
            "value": -2.4704787419144565,
            "min": -2.4704787419144565,
            "max": -2.4704787419144565,
            "count": 1
        },
        "bird.Environment.CumulativeReward.sum": {
            "value": -1393.3500104397535,
            "min": -1393.3500104397535,
            "max": -1393.3500104397535,
            "count": 1
        },
        "bird.Policy.ExtrinsicReward.mean": {
            "value": -2.4704787419144565,
            "min": -2.4704787419144565,
            "max": -2.4704787419144565,
            "count": 1
        },
        "bird.Policy.ExtrinsicReward.sum": {
            "value": -1393.3500104397535,
            "min": -1393.3500104397535,
            "max": -1393.3500104397535,
            "count": 1
        },
        "bird.Losses.PolicyLoss.mean": {
            "value": 0.026485299332610644,
            "min": 0.026485299332610644,
            "max": 0.026485299332610644,
            "count": 1
        },
        "bird.Losses.PolicyLoss.sum": {
            "value": 0.10594119733044258,
            "min": 0.10594119733044258,
            "max": 0.10594119733044258,
            "count": 1
        },
        "bird.Losses.ValueLoss.mean": {
            "value": 0.04037810700635115,
            "min": 0.04037810700635115,
            "max": 0.04037810700635115,
            "count": 1
        },
        "bird.Losses.ValueLoss.sum": {
            "value": 0.1615124280254046,
            "min": 0.1615124280254046,
            "max": 0.1615124280254046,
            "count": 1
        },
        "bird.Policy.LearningRate.mean": {
            "value": 0.0002845866051378,
            "min": 0.0002845866051378,
            "max": 0.0002845866051378,
            "count": 1
        },
        "bird.Policy.LearningRate.sum": {
            "value": 0.0011383464205512,
            "min": 0.0011383464205512,
            "max": 0.0011383464205512,
            "count": 1
        },
        "bird.Policy.Epsilon.mean": {
            "value": 0.19486219999999999,
            "min": 0.19486219999999999,
            "max": 0.19486219999999999,
            "count": 1
        },
        "bird.Policy.Epsilon.sum": {
            "value": 0.7794487999999999,
            "min": 0.7794487999999999,
            "max": 0.7794487999999999,
            "count": 1
        },
        "bird.Policy.Beta.mean": {
            "value": 0.004743623779999999,
            "min": 0.004743623779999999,
            "max": 0.004743623779999999,
            "count": 1
        },
        "bird.Policy.Beta.sum": {
            "value": 0.018974495119999997,
            "min": 0.018974495119999997,
            "max": 0.018974495119999997,
            "count": 1
        },
        "bird.IsTraining.mean": {
            "value": 1.0,
            "min": 1.0,
            "max": 1.0,
            "count": 1
        },
        "bird.IsTraining.sum": {
            "value": 1.0,
            "min": 1.0,
            "max": 1.0,
            "count": 1
        }
    },
    "metadata": {
        "timer_format_version": "0.1.0",
        "start_time_seconds": "1745432318",
        "python_version": "3.10.12 | packaged by Anaconda, Inc. | (main, Jul  5 2023, 19:01:18) [MSC v.1916 64 bit (AMD64)]",
        "command_line_arguments": "C:\\Users\\nicho\\miniconda3\\envs\\mlagents\\Scripts\\mlagents-learn --run-id=bird1 --force",
        "mlagents_version": "1.1.0",
        "mlagents_envs_version": "1.1.0",
        "communication_protocol_version": "1.5.0",
        "pytorch_version": "2.2.2+cu121",
        "numpy_version": "1.23.5",
        "end_time_seconds": "1745433640"
    },
    "total": 1322.525802699849,
    "count": 1,
    "self": 0.016393000027164817,
    "children": {
        "run_training.setup": {
            "total": 0.12335909996181726,
            "count": 1,
            "self": 0.12335909996181726
        },
        "TrainerController.start_learning": {
            "total": 1322.38605059986,
            "count": 1,
            "self": 3.8897660695947707,
            "children": {
                "TrainerController._reset_env": {
                    "total": 23.930476799840108,
                    "count": 1,
                    "self": 23.930476799840108
                },
                "TrainerController.advance": {
                    "total": 1294.3888435303234,
                    "count": 68393,
                    "self": 3.7435948019847274,
                    "children": {
                        "env_step": {
                            "total": 1230.997249803273,
                            "count": 68393,
                            "self": 984.2906185728498,
                            "children": {
                                "SubprocessEnvManager._take_step": {
                                    "total": 244.26107099931687,
                                    "count": 68393,
                                    "self": 10.41020589089021,
                                    "children": {
                                        "TorchPolicy.evaluate": {
                                            "total": 233.85086510842666,
                                            "count": 67801,
                                            "self": 233.85086510842666
                                        }
                                    }
                                },
                                "workers": {
                                    "total": 2.445560231106356,
                                    "count": 68392,
                                    "self": 0.0,
                                    "children": {
                                        "worker_root": {
                                            "total": 1234.5475487397052,
                                            "count": 68392,
                                            "is_parallel": true,
                                            "self": 493.1584194060415,
                                            "children": {
                                                "steps_from_proto": {
                                                    "total": 0.004956700140610337,
                                                    "count": 1,
                                                    "is_parallel": true,
                                                    "self": 0.0018148000817745924,